{
  "lang":"en",
  "name":"pipeline",
  "version":"0.0.0",
  "spacy_version":">=3.8.4,<3.9.0",
  "description":"",
  "author":"",
  "email":"",
  "url":"",
  "license":"",
  "spacy_git_version":"85cc763",
  "vectors":{
    "width":0,
    "vectors":0,
    "keys":0,
    "name":null,
    "mode":"default"
  },
  "labels":{
    "tok2vec":[

    ],
    "ner":[
      "ART_MOVEMENT",
      "ART_WORK",
      "AWARD",
      "CHARACTER",
      "EVENT",
      "GENRE",
      "LIT_WORK",
      "MOVIE_TV",
      "ORG",
      "PERIOD",
      "PERSON",
      "PLACE",
      "TECHNIQUE"
    ]
  },
  "pipeline":[
    "tok2vec",
    "ner"
  ],
  "components":[
    "tok2vec",
    "ner"
  ],
  "disabled":[

  ],
  "performance":{
    "ents_f":0.8007085917,
    "ents_p":0.8067826863,
    "ents_r":0.7947252747,
    "ents_per_type":{
      "PERSON":{
        "p":0.955801105,
        "r":0.9682835821,
        "f":0.9620018536
      },
      "TECHNIQUE":{
        "p":0.912,
        "r":0.8702290076,
        "f":0.890625
      },
      "PERIOD":{
        "p":0.7045454545,
        "r":0.8493150685,
        "f":0.7701863354
      },
      "ART_MOVEMENT":{
        "p":0.7743732591,
        "r":0.8081395349,
        "f":0.7908961593
      },
      "GENRE":{
        "p":0.8186528497,
        "r":0.7632850242,
        "f":0.79
      },
      "ORG":{
        "p":0.4556962025,
        "r":0.3333333333,
        "f":0.385026738
      },
      "PLACE":{
        "p":0.46875,
        "r":0.4545454545,
        "f":0.4615384615
      },
      "CHARACTER":{
        "p":0.8412698413,
        "r":0.768115942,
        "f":0.803030303
      },
      "LIT_WORK":{
        "p":0.7298850575,
        "r":0.7839506173,
        "f":0.755952381
      },
      "MOVIE_TV":{
        "p":0.6785714286,
        "r":0.6551724138,
        "f":0.6666666667
      },
      "AWARD":{
        "p":0.7391304348,
        "r":0.6296296296,
        "f":0.68
      },
      "ART_WORK":{
        "p":0.6534653465,
        "r":0.75,
        "f":0.6984126984
      },
      "EVENT":{
        "p":0.8148148148,
        "r":0.6285714286,
        "f":0.7096774194
      }
    },
    "tok2vec_loss":859.4606582801,
    "ner_loss":2057.1379394531
  }
}