{
  "lang":"en",
  "name":"pipeline",
  "version":"0.0.0",
  "spacy_version":">=3.8.4,<3.9.0",
  "description":"",
  "author":"",
  "email":"",
  "url":"",
  "license":"",
  "spacy_git_version":"85cc763",
  "vectors":{
    "width":0,
    "vectors":0,
    "keys":0,
    "name":null,
    "mode":"default"
  },
  "labels":{
    "tok2vec":[

    ],
    "ner":[
      "ART_MOVEMENT",
      "ART_WORK",
      "AWARD",
      "CHARACTER",
      "EVENT",
      "GENRE",
      "LIT_WORK",
      "MOVIE_TV",
      "ORG",
      "PERIOD",
      "PERSON",
      "PLACE",
      "TECHNIQUE"
    ]
  },
  "pipeline":[
    "tok2vec",
    "ner"
  ],
  "components":[
    "tok2vec",
    "ner"
  ],
  "disabled":[

  ],
  "performance":{
    "ents_f":0.8051720359,
    "ents_p":0.8028846154,
    "ents_r":0.8074725275,
    "ents_per_type":{
      "PERSON":{
        "p":0.940433213,
        "r":0.9720149254,
        "f":0.9559633028
      },
      "TECHNIQUE":{
        "p":0.873605948,
        "r":0.8969465649,
        "f":0.8851224105
      },
      "PERIOD":{
        "p":0.8571428571,
        "r":0.7397260274,
        "f":0.7941176471
      },
      "ART_MOVEMENT":{
        "p":0.7692307692,
        "r":0.8139534884,
        "f":0.790960452
      },
      "GENRE":{
        "p":0.7327586207,
        "r":0.8212560386,
        "f":0.7744874715
      },
      "PLACE":{
        "p":0.5179856115,
        "r":0.7272727273,
        "f":0.6050420168
      },
      "CHARACTER":{
        "p":0.8527131783,
        "r":0.7971014493,
        "f":0.8239700375
      },
      "LIT_WORK":{
        "p":0.6956521739,
        "r":0.7901234568,
        "f":0.7398843931
      },
      "ORG":{
        "p":0.56,
        "r":0.2592592593,
        "f":0.3544303797
      },
      "MOVIE_TV":{
        "p":0.6727272727,
        "r":0.6379310345,
        "f":0.6548672566
      },
      "AWARD":{
        "p":0.6363636364,
        "r":0.7777777778,
        "f":0.7
      },
      "ART_WORK":{
        "p":0.8055555556,
        "r":0.6590909091,
        "f":0.725
      },
      "EVENT":{
        "p":0.8666666667,
        "r":0.3714285714,
        "f":0.52
      }
    },
    "tok2vec_loss":590.6131805317,
    "ner_loss":2612.9091796875
  }
}